code,product_type
PAK-RV2-2NS,Пакеты
PAK-Q24-GN4,Пакеты
PAK-NT2-DUS,Пакеты
PAK-WSC-XS5,Пакеты
PAK-E7J-4PU,Пакеты
PAK-VH2-83P,Пакеты
PAK-SNE-U67,Пакеты
PAK-7HP-F9B,Пакеты
PAK-8LQ-BKL,Пакеты
PAK-EGJ-PUD,Пакеты
PAK-ARQ-NK8,Пакеты
PAK-RK2-4QH,Пакеты
PAK-PQ9-TKJ,Пакеты
PAK-SP2-SP2,Пакеты
PAK-Z2G-XZG,Пакеты
PAK-GZD-DMK,Пакеты
PAK-YQS-GJD,Пакеты
PAK-HRZ-GA6,Пакеты
PAK-SH3-3NN,Пакеты
PAK-VUY-9LM,Пакеты
PAK-CPB-WEY,Пакеты
PAK-N6Y-WKD,Пакеты
PAK-28R-B3U,Пакеты
PAK-HE9-S6K,Пакеты
PAK-4XW-6BB,Пакеты
PAK-UYC-XQD,Пакеты
PAK-W8A-F6Y,Пакеты
PAK-QS8-JDY,Пакеты
PAK-FFE-YHK,Пакеты
PAK-3FY-F92,Пакеты
PAK-VYX-K24,Пакеты
PAK-5B2-2DQ,Пакеты
PAK-RUR-7S6,Пакеты
PAK-487-3GW,Пакеты
PAK-SZ9-PFW,Пакеты
PAK-VBP-PH4,Пакеты
PAK-B4Q-VDN,Пакеты
PAK-YFV-JBN,Пакеты
PAK-S7U-84A,Пакеты
PAK-QTL-U2B,Пакеты
PAK-4FS-P7F,Пакеты
PAK-48W-8B4,Пакеты
PAK-ZP5-ESR,Пакеты
PAK-RJQ-YZX,Пакеты
PAK-FA7-CJP,Пакеты
PAK-ZCQ-AJP,Пакеты
PAK-SVM-WYM,Пакеты
PAK-MQ2-XPB,Пакеты
PAK-E9V-QQL,Пакеты
PAK-VDC-AFX,Пакеты
PAK-EWB-NZU,Пакеты
PAK-2S7-JE3,Пакеты
PAK-7BX-LDE,Пакеты
PAK-594-PVD,Пакеты
PAK-EHP-JZP,Пакеты
PAK-VQM-UG8,Пакеты
PAK-BJG-ZWY,Пакеты
PAK-V6H-GJ6,Пакеты
PAK-WL2-ZEX,Пакеты
PAK-9DR-K7M,Пакеты
PAK-YE2-9AQ,Пакеты
PAK-6AN-3L5,Пакеты
PAK-TPL-N69,Пакеты
PAK-4AU-39M,Пакеты
PAK-796-ZFK,Пакеты
PAK-5JJ-S46,Пакеты
PAK-Y8L-Y5S,Пакеты
PAK-PKP-HHS,Пакеты
PAK-ZVK-KGZ,Пакеты
PAK-AWU-MC8,Пакеты
PAK-YCE-FJG,Пакеты
PAK-MD8-36J,Пакеты
PAK-LNT-J97,Пакеты
PAK-35C-5NK,Пакеты
PAK-C4G-4W3,Пакеты
PAK-GVA-TDU,Пакеты
PAK-ZBK-2WG,Пакеты
PAK-TT2-V3W,Пакеты
PAK-DGH-D8D,Пакеты
PAK-HW5-HJP,Пакеты
PAK-Z7Z-NXC,Пакеты
PAK-2M6-2HY,Пакеты
PAK-QSP-3HM,Пакеты
PAK-XQ2-459,Пакеты
PAK-DF7-UGX,Пакеты
PAK-8FV-D5H,Пакеты
PAK-8KG-5ZP,Пакеты
PAK-2EY-KTL,Пакеты
PAK-DMY-YMA,Пакеты
PAK-7EF-366,Пакеты
PAK-AE8-XEC,Пакеты
PAK-F99-BTY,Пакеты
PAK-VYZ-FC4,Пакеты
PAK-6YM-JL9,Пакеты
PAK-RYE-WSR,Пакеты
PAK-L5C-HJE,Пакеты
PAK-34T-9F2,Пакеты
PAK-4ZD-DXW,Пакеты
PAK-WUN-3PS,Пакеты
PAK-YYK-V5E,Пакеты
STR-J38-GN3,Стрейч-пленки
STR-W2D-VNU,Стрейч-пленки
STR-WDT-PQR,Стрейч-пленки
STR-DVK-GV2,Стрейч-пленки
STR-3SX-FQC,Стрейч-пленки
STR-G77-LL4,Стрейч-пленки
STR-GPW-9BL,Стрейч-пленки
STR-SA5-MUQ,Стрейч-пленки
STR-XUM-TG8,Стрейч-пленки
STR-KG7-E4Q,Стрейч-пленки
STR-P3V-R8C,Стрейч-пленки
STR-ZLK-2G7,Стрейч-пленки
STR-URM-4QR,Стрейч-пленки
STR-34V-8CR,Стрейч-пленки
STR-T7X-84K,Стрейч-пленки
STR-UDL-HUU,Стрейч-пленки
STR-DYS-RUE,Стрейч-пленки
STR-DUJ-RYU,Стрейч-пленки
STR-3L5-JGT,Стрейч-пленки
STR-H8V-W9S,Стрейч-пленки
STR-UEU-XC3,Стрейч-пленки
STR-CWF-74W,Стрейч-пленки
STR-V3V-42R,Стрейч-пленки
STR-FH4-A2K,Стрейч-пленки
STR-B3H-TP8,Стрейч-пленки
STR-CGA-5HH,Стрейч-пленки
STR-T5V-DX2,Стрейч-пленки
STR-DCV-ZQZ,Стрейч-пленки
STR-78H-8GV,Стрейч-пленки
STR-AVU-B7A,Стрейч-пленки
STR-2MG-F4N,Стрейч-пленки
STR-9ZX-NXX,Стрейч-пленки
STR-KLQ-2FM,Стрейч-пленки
STR-ZTJ-F38,Стрейч-пленки
STR-9UZ-W29,Стрейч-пленки
STR-JEF-ZTM,Стрейч-пленки
STR-4NW-PSG,Стрейч-пленки
STR-JA5-LKQ,Стрейч-пленки
STR-EPS-VM7,Стрейч-пленки
STR-8E7-KQB,Стрейч-пленки
STR-8A6-SNW,Стрейч-пленки
STR-6V7-M6F,Стрейч-пленки
STR-GTG-NTK,Стрейч-пленки
STR-CZV-UW5,Стрейч-пленки
STR-EBQ-MHG,Стрейч-пленки
STR-HDE-DUR,Стрейч-пленки
STR-TXW-7RE,Стрейч-пленки
STR-8NX-4WC,Стрейч-пленки
STR-D3W-MPD,Стрейч-пленки
STR-T5D-8ML,Стрейч-пленки
STR-MJF-BXG,Стрейч-пленки
STR-LUS-6NM,Стрейч-пленки
STR-QER-9CE,Стрейч-пленки
STR-KPB-TDM,Стрейч-пленки
STR-R6A-UJ3,Стрейч-пленки
STR-G6Z-RUH,Стрейч-пленки
STR-Q9U-3RH,Стрейч-пленки
STR-SN8-XXF,Стрейч-пленки
STR-CA7-H8Y,Стрейч-пленки
STR-VBH-LSN,Стрейч-пленки
STR-LJC-RRU,Стрейч-пленки
STR-ZRY-T26,Стрейч-пленки
STR-W8A-7WZ,Стрейч-пленки
STR-4LY-CV8,Стрейч-пленки
STR-YUJ-DSQ,Стрейч-пленки
STR-PRV-J3H,Стрейч-пленки
STR-32A-4DK,Стрейч-пленки
STR-8S3-YV2,Стрейч-пленки
STR-KUT-H2B,Стрейч-пленки
STR-2TA-GAZ,Стрейч-пленки
STR-4F4-DDY,Стрейч-пленки
STR-8W4-H2J,Стрейч-пленки
STR-AQW-7U9,Стрейч-пленки
STR-GYT-4GS,Стрейч-пленки
STR-MH7-K7K,Стрейч-пленки
STR-TJD-MUX,Стрейч-пленки
STR-YCQ-TDG,Стрейч-пленки
STR-428-7ZF,Стрейч-пленки
STR-58F-4KQ,Стрейч-пленки
STR-YMD-6PK,Стрейч-пленки
STR-TJG-RME,Стрейч-пленки
STR-VMQ-7XR,Стрейч-пленки
STR-VJY-R8V,Стрейч-пленки
STR-YCQ-NL5,Стрейч-пленки
STR-TNN-YSF,Стрейч-пленки
STR-N68-NUA,Стрейч-пленки
STR-EPK-723,Стрейч-пленки
STR-G4R-LSA,Стрейч-пленки
STR-XJ8-C2P,Стрейч-пленки
STR-G5Z-5CJ,Стрейч-пленки
STR-Z3T-FNR,Стрейч-пленки
STR-MV4-UNM,Стрейч-пленки
STR-ZLC-X2U,Стрейч-пленки
STR-LJB-K22,Стрейч-пленки
STR-3MS-UB2,Стрейч-пленки
STR-TQC-W62,Стрейч-пленки
STR-4M5-N76,Стрейч-пленки
STR-CL3-C8C,Стрейч-пленки
STR-TZV-XR5,Стрейч-пленки
STR-9LC-CXD,Стрейч-пленки
MLK-SG4-ANJ,Мешки для лука
MLK-DE5-976,Мешки для лука
MLK-4XK-GVG,Мешки для лука
MLK-2J6-JXA,Мешки для лука
MLK-VYS-PK5,Мешки для лука
MLK-QNH-LYU,Мешки для лука
MLK-CGR-BFN,Мешки для лука
MLK-MZY-V6Z,Мешки для лука
MLK-HPW-PRP,Мешки для лука
MLK-98U-VSQ,Мешки для лука
MLK-GKJ-5EB,Мешки для лука
MLK-6KB-554,Мешки для лука
MLK-C89-C59,Мешки для лука
MLK-4G4-MCK,Мешки для лука
MLK-DRL-UN4,Мешки для лука
MLK-GZL-LU2,Мешки для лука
MLK-X5R-8QR,Мешки для лука
MLK-YJZ-8KT,Мешки для лука
MLK-XYF-YPP,Мешки для лука
MLK-AVR-PFG,Мешки для лука
MLK-YHX-T9Q,Мешки для лука
MLK-JHE-3AR,Мешки для лука
MLK-7VQ-26C,Мешки для лука
MLK-ACX-24W,Мешки для лука
MLK-JQ7-ANN,Мешки для лука
MLK-Y9A-5AH,Мешки для лука
MLK-X9X-AMF,Мешки для лука
MLK-MF8-LPQ,Мешки для лука
MLK-ZHW-5C6,Мешки для лука
MLK-U6F-KK8,Мешки для лука
MLK-EUQ-8M4,Мешки для лука
MLK-XXV-PAW,Мешки для лука
MLK-ZE4-VX5,Мешки для лука
MLK-L67-DRH,Мешки для лука
MLK-NHF-XH4,Мешки для лука
MLK-3TY-5JB,Мешки для лука
MLK-EYP-8LT,Мешки для лука
MLK-SGJ-EX5,Мешки для лука
MLK-PVZ-L2H,Мешки для лука
MLK-HUK-B98,Мешки для лука
MLK-2FN-SYH,Мешки для лука
MLK-DFV-HYS,Мешки для лука
MLK-57E-U2X,Мешки для лука
MLK-S4P-FJF,Мешки для лука
MLK-BHQ-MKU,Мешки для лука
MLK-8HX-R59,Мешки для лука
MLK-UTN-CN2,Мешки для лука
MLK-5P3-KLX,Мешки для лука
MLK-XQV-37E,Мешки для лука
MLK-E6T-RSV,Мешки для лука
MLK-TWZ-AS3,Мешки для лука
MLK-9F4-E3J,Мешки для лука
MLK-93H-588,Мешки для лука
MLK-Y9A-25L,Мешки для лука
MLK-THB-H68,Мешки для лука
MLK-C32-ME8,Мешки для лука
MLK-ZMZ-QTS,Мешки для лука
MLK-WPA-UWW,Мешки для лука
MLK-9ZT-ZDE,Мешки для лука
MLK-DZS-DXV,Мешки для лука
MLK-VPS-4UB,Мешки для лука
MLK-VZ4-VV5,Мешки для лука
MLK-DRP-64S,Мешки для лука
MLK-78Y-ASC,Мешки для лука
MLK-V8X-69T,Мешки для лука
MLK-S7U-CHC,Мешки для лука
MLK-QST-Y8L,Мешки для лука
MLK-LQR-Z5G,Мешки для лука
MLK-G47-EY9,Мешки для лука
MLK-RKK-7AP,Мешки для лука
MLK-U4C-HV7,Мешки для лука
MLK-6H2-T4S,Мешки для лука
MLK-XFC-DSA,Мешки для лука
MLK-8AS-JG3,Мешки для лука
MLK-PME-XUP,Мешки для лука
MLK-FP4-Q7Y,Мешки для лука
MLK-BF4-BKK,Мешки для лука
MLK-QT9-UVB,Мешки для лука
MLK-2B7-SZK,Мешки для лука
MLK-VJB-488,Мешки для лука
MLK-B8F-Y7X,Мешки для лука
MLK-ARP-DCM,Мешки для лука
MLK-KS7-B7Y,Мешки для лука
MLK-3N3-5WN,Мешки для лука
MLK-ZW8-37F,Мешки для лука
MLK-TJK-2FX,Мешки для лука
MLK-2NY-3BL,Мешки для лука
MLK-9TF-YE9,Мешки для лука
MLK-Z9T-86C,Мешки для лука
MLK-K3J-KUU,Мешки для лука
MLK-8LK-J4X,Мешки для лука
MLK-PJC-9HA,Мешки для лука
MLK-G7H-DF2,Мешки для лука
MLK-CBF-KUQ,Мешки для лука
MLK-U6M-T5G,Мешки для лука
MLK-5ZU-C5T,Мешки для лука
MLK-JSJ-LTD,Мешки для лука
MLK-NN7-RW4,Мешки для лука
MLK-JAW-TC6,Мешки для лука
MLK-VRT-K9T,Мешки для лука
